{
    "2271DN 20700 mini": {
        "tot": 37,
        "norm": 0.05683563748079877
    },
    "13007ZN/F-14500": {
        "tot": 28,
        "norm": 0.043010752688172046
    },
    "2275S+ZN-B10A": {
        "tot": 23,
        "norm": 0.03533026113671275
    },
    "33001DN2": {
        "tot": 23,
        "norm": 0.03533026113671275
    },
    "X21-2099S+ZN mini": {
        "tot": 21,
        "norm": 0.03225806451612903
    },
    "2270S+ZN 19800": {
        "tot": 21,
        "norm": 0.03225806451612903
    },
    "13005ZF-14000": {
        "tot": 19,
        "norm": 0.029185867895545316
    },
    "31002DN1": {
        "tot": 18,
        "norm": 0.027649769585253458
    },
    "X23-4493S+ZF": {
        "tot": 16,
        "norm": 0.02457757296466974
    },
    "X23-8397DN": {
        "tot": 16,
        "norm": 0.02457757296466974
    },
    "X23-4491DF366": {
        "tot": 14,
        "norm": 0.021505376344086023
    },
    "X23-2299V5ZF": {
        "tot": 14,
        "norm": 0.021505376344086023
    },
    "X23-47097DN366": {
        "tot": 14,
        "norm": 0.021505376344086023
    },
    "2011DN mini": {
        "tot": 13,
        "norm": 0.019969278033794162
    },
    "S19-60064V3DN-U427": {
        "tot": 13,
        "norm": 0.019969278033794162
    },
    "749DN mini": {
        "tot": 13,
        "norm": 0.019969278033794162
    },
    "62001DN2": {
        "tot": 12,
        "norm": 0.018433179723502304
    },
    "X23-7899ZN": {
        "tot": 11,
        "norm": 0.016897081413210446
    },
    "31003DN220274": {
        "tot": 9,
        "norm": 0.013824884792626729
    },
    "4407DN": {
        "tot": 9,
        "norm": 0.013824884792626729
    },
    "S600A03DN": {
        "tot": 9,
        "norm": 0.013824884792626729
    },
    "2279ZNB10A 13200": {
        "tot": 9,
        "norm": 0.013824884792626729
    },
    "X23-3399S+ZF": {
        "tot": 8,
        "norm": 0.01228878648233487
    },
    "7034ZN": {
        "tot": 8,
        "norm": 0.01228878648233487
    },
    "S19-60052DN2": {
        "tot": 8,
        "norm": 0.01228878648233487
    },
    "2246ZN 10800": {
        "tot": 7,
        "norm": 0.010752688172043012
    },
    "2275S+ZN-N00": {
        "tot": 7,
        "norm": 0.010752688172043012
    },
    "4466S+ZN": {
        "tot": 7,
        "norm": 0.010752688172043012
    },
    "2276S+ZN": {
        "tot": 7,
        "norm": 0.010752688172043012
    },
    "S600A14DN": {
        "tot": 7,
        "norm": 0.010752688172043012
    },
    "2277DN mini": {
        "tot": 7,
        "norm": 0.010752688172043012
    },
    "X23-2279ZF": {
        "tot": 6,
        "norm": 0.009216589861751152
    },
    "X24-1301V2S+ZN mini": {
        "tot": 6,
        "norm": 0.009216589861751152
    },
    "13007ZF 903C 14000": {
        "tot": 6,
        "norm": 0.009216589861751152
    },
    "X21-20099DN2": {
        "tot": 6,
        "norm": 0.009216589861751152
    },
    "4424S+ZN/F": {
        "tot": 5,
        "norm": 0.007680491551459293
    },
    "4463S+ZN1": {
        "tot": 5,
        "norm": 0.007680491551459293
    },
    "33002DN": {
        "tot": 5,
        "norm": 0.007680491551459293
    },
    "4465SN1": {
        "tot": 5,
        "norm": 0.007680491551459293
    },
    "S15-160018DN": {
        "tot": 5,
        "norm": 0.007680491551459293
    },
    "X23-31094DN3813": {
        "tot": 5,
        "norm": 0.007680491551459293
    },
    "X23-2280S+ZN": {
        "tot": 5,
        "norm": 0.007680491551459293
    },
    "X23-47097DN1": {
        "tot": 4,
        "norm": 0.006144393241167435
    },
    "2250S+ZN": {
        "tot": 4,
        "norm": 0.006144393241167435
    },
    "X24-31001DN366": {
        "tot": 4,
        "norm": 0.006144393241167435
    },
    "X21-39599V7DN0332": {
        "tot": 4,
        "norm": 0.006144393241167435
    },
    "1724S+ZN 2cicli": {
        "tot": 4,
        "norm": 0.006144393241167435
    },
    "4450ZN": {
        "tot": 4,
        "norm": 0.006144393241167435
    },
    "31003DN220274 dm84": {
        "tot": 4,
        "norm": 0.006144393241167435
    },
    "X23-4491DF1": {
        "tot": 4,
        "norm": 0.006144393241167435
    },
    "X24-2213ZN2": {
        "tot": 4,
        "norm": 0.006144393241167435
    },
    "2274ZN2": {
        "tot": 4,
        "norm": 0.006144393241167435
    },
    "62002DN2": {
        "tot": 4,
        "norm": 0.006144393241167435
    },
    "62002DN": {
        "tot": 4,
        "norm": 0.006144393241167435
    },
    "S14-60003V2DN 23h": {
        "tot": 4,
        "norm": 0.006144393241167435
    },
    "X21-4489V3S+ZN": {
        "tot": 3,
        "norm": 0.004608294930875576
    },
    "2271DN 20000 mini": {
        "tot": 3,
        "norm": 0.004608294930875576
    },
    "2270s+z": {
        "tot": 3,
        "norm": 0.004608294930875576
    },
    "X23-4496V2ZN2 16000": {
        "tot": 3,
        "norm": 0.004608294930875576
    },
    "39502DN-14446": {
        "tot": 3,
        "norm": 0.004608294930875576
    },
    "X24-4401S+ZF2": {
        "tot": 3,
        "norm": 0.004608294930875576
    },
    "X24-2001S+ZN": {
        "tot": 3,
        "norm": 0.004608294930875576
    },
    "28503ZN": {
        "tot": 3,
        "norm": 0.004608294930875576
    },
    "X23-4496V2ZN2": {
        "tot": 3,
        "norm": 0.004608294930875576
    },
    "X21-2099s+z mini": {
        "tot": 3,
        "norm": 0.004608294930875576
    },
    "7036ZN": {
        "tot": 3,
        "norm": 0.004608294930875576
    },
    "X22-7810S-ZN354 4 ci": {
        "tot": 3,
        "norm": 0.004608294930875576
    },
    "2270S+ZN mini 19800": {
        "tot": 2,
        "norm": 0.0030721966205837174
    },
    "X22-2005V2ZN1": {
        "tot": 2,
        "norm": 0.0030721966205837174
    },
    "X24-4403DN": {
        "tot": 2,
        "norm": 0.0030721966205837174
    },
    "31004DN220379 dm84": {
        "tot": 2,
        "norm": 0.0030721966205837174
    },
    "X24-2202S+Z colorati": {
        "tot": 2,
        "norm": 0.0030721966205837174
    },
    "2279ZN1 13200": {
        "tot": 2,
        "norm": 0.0030721966205837174
    },
    "2013S+ZN mini": {
        "tot": 2,
        "norm": 0.0030721966205837174
    },
    "S18-200014DN": {
        "tot": 2,
        "norm": 0.0030721966205837174
    },
    "X23-1299DN mini": {
        "tot": 2,
        "norm": 0.0030721966205837174
    },
    "X24-15601S+Z": {
        "tot": 2,
        "norm": 0.0030721966205837174
    },
    "S180001DN": {
        "tot": 2,
        "norm": 0.0030721966205837174
    },
    "s22-700011DN": {
        "tot": 2,
        "norm": 0.0030721966205837174
    },
    "2270S+ZN mini": {
        "tot": 2,
        "norm": 0.0030721966205837174
    },
    "4412ZN": {
        "tot": 2,
        "norm": 0.0030721966205837174
    },
    "2250SN": {
        "tot": 2,
        "norm": 0.0030721966205837174
    },
    "X21-2291SF": {
        "tot": 2,
        "norm": 0.0030721966205837174
    },
    "X23-2280s+z": {
        "tot": 1,
        "norm": 0.0015360983102918587
    },
    "4424ZN": {
        "tot": 1,
        "norm": 0.0015360983102918587
    },
    "X20-2219V2ZF": {
        "tot": 1,
        "norm": 0.0015360983102918587
    },
    "X23-13097V5ZF": {
        "tot": 1,
        "norm": 0.0015360983102918587
    },
    "X20-2222DN2 mini": {
        "tot": 1,
        "norm": 0.0015360983102918587
    },
    "X21-2291sf": {
        "tot": 1,
        "norm": 0.0015360983102918587
    },
    "4462ZN2": {
        "tot": 1,
        "norm": 0.0015360983102918587
    },
    "62001DN1": {
        "tot": 1,
        "norm": 0.0015360983102918587
    },
    "2270s+z rpm 21000": {
        "tot": 1,
        "norm": 0.0015360983102918587
    },
    "X22-7810s+z": {
        "tot": 1,
        "norm": 0.0015360983102918587
    },
    "2250s+z minispole": {
        "tot": 1,
        "norm": 0.0015360983102918587
    },
    "x24-4403dn mini": {
        "tot": 1,